{
  "logistic_regression": {
    "accuracy": 0.7492838142009413,
    "macro_f1": 0.4469668631520651,
    "precision": 0.46634615384615385,
    "recall": 0.019848577859627584,
    "confusion_matrix": [
      [
        14550,
        111
      ],
      [
        4790,
        97
      ]
    ],
    "exact_match_answer_accuracy": 0.4146868250539957
  },
  "linear_svm_calibrated": {
    "accuracy": 0.7499488438714959,
    "macro_f1": 0.42855472404115996,
    "precision": 0.0,
    "recall": 0.0,
    "confusion_matrix": [
      [
        14660,
        1
      ],
      [
        4887,
        0
      ]
    ],
    "exact_match_answer_accuracy": 0.40244780417566595
  },
  "naive_bayes": {
    "accuracy": 0.750255780642521,
    "macro_f1": 0.4304541168438366,
    "precision": 0.6923076923076923,
    "recall": 0.001841620626151013,
    "confusion_matrix": [
      [
        14657,
        4
      ],
      [
        4878,
        9
      ]
    ],
    "exact_match_answer_accuracy": 0.37724982001439883
  },
  "random_forest": {
    "accuracy": 0.6051258440761204,
    "macro_f1": 0.5264223114037367,
    "precision": 0.2884040645546922,
    "recall": 0.39492531205238385,
    "confusion_matrix": [
      [
        9899,
        4762
      ],
      [
        2957,
        1930
      ]
    ],
    "exact_match_answer_accuracy": 0.3369330453563715
  },
  "ohe_logistic_regression": {
    "accuracy": 0.7472375690607734,
    "macro_f1": 0.45739636153142876,
    "precision": 0.42780748663101603,
    "recall": 0.032739922242684676,
    "confusion_matrix": [
      [
        14447,
        214
      ],
      [
        4727,
        160
      ]
    ],
    "exact_match_answer_accuracy": 0.39452843772498203
  },
  "soft_voting_ensemble": {
    "accuracy": 0.7501023122570084,
    "macro_f1": 0.4315940545458988,
    "precision": 0.5357142857142857,
    "recall": 0.003069367710251688,
    "confusion_matrix": [
      [
        14648,
        13
      ],
      [
        4872,
        15
      ]
    ],
    "exact_match_answer_accuracy": 0.4118070554355652
  },
  "soft_voting_full_ensemble": {
    "accuracy": 0.7502046245140168,
    "macro_f1": 0.43083492919833244,
    "precision": 0.6111111111111112,
    "recall": 0.0022508696541845715,
    "confusion_matrix": [
      [
        14654,
        7
      ],
      [
        4876,
        11
      ]
    ],
    "exact_match_answer_accuracy": 0.3988480921526278
  },
  "stacking_classifier": {
    "accuracy": 0.75,
    "macro_f1": 0.42857142857142855,
    "precision": 0.0,
    "recall": 0.0,
    "confusion_matrix": [
      [
        14661,
        0
      ],
      [
        4887,
        0
      ]
    ],
    "exact_match_answer_accuracy": 0.3333333333333333
  },
  "blended_ensemble_similarity": {
    "accuracy": 0.7201248209535502,
    "macro_f1": 0.5041594405242824,
    "precision": 0.3340909090909091,
    "recall": 0.12031921424186617,
    "confusion_matrix": [
      [
        13489,
        1172
      ],
      [
        4299,
        588
      ]
    ],
    "exact_match_answer_accuracy": 0.3304535637149028
  },
  "direct_multiclass_logistic": {
    "exact_match_answer_accuracy": 0.2690812359320647,
    "macro_f1": 0.25870956515111754,
    "precision": 0.2652710007655599,
    "recall": 0.2630615602463008,
    "confusion_matrix": [
      [
        150,
        298,
        377,
        242
      ],
      [
        155,
        369,
        473,
        294
      ],
      [
        159,
        353,
        486,
        305
      ],
      [
        151,
        328,
        437,
        310
      ]
    ]
  },
  "direct_multiclass_svm": {
    "exact_match_answer_accuracy": 0.2723552281563331,
    "macro_f1": 0.2676816393707906,
    "precision": 0.2694843876437812,
    "recall": 0.26863286803693665,
    "confusion_matrix": [
      [
        207,
        257,
        339,
        264
      ],
      [
        212,
        368,
        420,
        291
      ],
      [
        215,
        331,
        439,
        318
      ],
      [
        230,
        290,
        389,
        317
      ]
    ]
  },
  "wh_type_naive_bayes": {
    "accuracy": 0.6705545324329855,
    "macro_f1": 0.4404922347157213,
    "precision": 0.5790899724196085,
    "recall": 0.40655339008649466,
    "labels": [
      "how",
      "other",
      "what",
      "when",
      "where",
      "which",
      "who",
      "why"
    ],
    "confusion_matrix": [
      [
        47,
        85,
        19,
        9,
        0,
        4,
        1,
        27
      ],
      [
        21,
        2007,
        197,
        30,
        2,
        64,
        5,
        40
      ],
      [
        13,
        414,
        561,
        14,
        1,
        25,
        0,
        40
      ],
      [
        2,
        117,
        13,
        39,
        0,
        6,
        0,
        20
      ],
      [
        3,
        39,
        6,
        3,
        15,
        2,
        0,
        7
      ],
      [
        2,
        72,
        35,
        1,
        0,
        509,
        0,
        4
      ],
      [
        1,
        89,
        13,
        3,
        0,
        3,
        5,
        2
      ],
      [
        10,
        99,
        32,
        12,
        0,
        2,
        1,
        94
      ]
    ]
  },
  "kmeans_full": {
    "n_clusters": 2,
    "cluster_counts": {
      "0": 176803,
      "1": 174661
    },
    "purity": 0.75
  },
  "kmeans_subsample_silhouette": {
    "n_clusters": 2,
    "purity": 0.7531333333333333,
    "cluster_counts": {
      "0": 7469,
      "1": 7531
    },
    "silhouette": 0.16606921909693037
  },
  "gaussian_mixture_subsample": {
    "n_clusters": 2,
    "purity": 0.7531333333333333,
    "cluster_counts": {
      "0": 8721,
      "1": 6279
    },
    "silhouette": -0.017846626106779177
  },
  "question_ranker": {
    "n_samples": 20972,
    "positive_rate": 0.14304787335494945,
    "validation_accuracy": 1.0,
    "validation_macro_f1": 1.0
  },
  "label_propagation_subsample": {
    "labelled_fraction": 0.15275,
    "accuracy_on_full_subsample": 0.71625,
    "macro_f1_on_full_subsample": 0.47908294273159496,
    "confusion_matrix": [
      [
        2782,
        202
      ],
      [
        933,
        83
      ]
    ]
  },
  "option_labels": [
    "A",
    "B",
    "C",
    "D"
  ],
  "model_comparison": [
    {
      "model": "Logistic Regression (TF-IDF)",
      "family": "supervised",
      "accuracy": 0.7492838142009413,
      "macro_f1": 0.4469668631520651,
      "precision": 0.46634615384615385,
      "recall": 0.019848577859627584,
      "exact_match_answer_accuracy": 0.4146868250539957
    },
    {
      "model": "Linear SVM Calibrated (TF-IDF)",
      "family": "supervised",
      "accuracy": 0.7499488438714959,
      "macro_f1": 0.42855472404115996,
      "precision": 0.0,
      "recall": 0.0,
      "exact_match_answer_accuracy": 0.40244780417566595
    },
    {
      "model": "Multinomial Naive Bayes (TF-IDF)",
      "family": "supervised",
      "accuracy": 0.750255780642521,
      "macro_f1": 0.4304541168438366,
      "precision": 0.6923076923076923,
      "recall": 0.001841620626151013,
      "exact_match_answer_accuracy": 0.37724982001439883
    },
    {
      "model": "Random Forest (subsample)",
      "family": "supervised",
      "accuracy": 0.6051258440761204,
      "macro_f1": 0.5264223114037367,
      "precision": 0.2884040645546922,
      "recall": 0.39492531205238385,
      "exact_match_answer_accuracy": 0.3369330453563715
    },
    {
      "model": "Logistic Regression (One-Hot)",
      "family": "supervised",
      "accuracy": 0.7472375690607734,
      "macro_f1": 0.45739636153142876,
      "precision": 0.42780748663101603,
      "recall": 0.032739922242684676,
      "exact_match_answer_accuracy": 0.39452843772498203
    },
    {
      "model": "Soft Voting (LR+SVM)",
      "family": "ensemble",
      "accuracy": 0.7501023122570084,
      "macro_f1": 0.4315940545458988,