{
  "max_candidates": 80,
  "distractor_count": 3,
  "hint_count": 3,
  "distractor_ranker_weight": 0.6,
  "hint_scorer_weight": 0.4,
  "word2vec": {
    "file": "word2vec.kv",
    "vector_size": 128,
    "vocab_size": 22872,
    "distractor_blend_weight": 0.38,
    "hint_blend_weight": 0.42,
    "generation_blend_weight": 0.38
  },
  "distractor_ranker": {
    "trained": true,
    "n_train_pairs": 16499,
    "n_val_pairs": 4400,
    "feature_names": [
      "tfidf_answer_sim",
      "tfidf_question_sim",
      "w2v_answer_sim",
      "w2v_question_sim",
      "passage_frequency",
      "char_overlap_with_answer",
      "candidate_length",
      "shares_token_with_answer"
    ],
    "feature_weights": {
      "tfidf_answer_sim": -2.6188799396757165,
      "tfidf_question_sim": -0.537238252712432,
      "w2v_answer_sim": 4.426922848288294,
      "w2v_question_sim": -4.02710256437984,
      "passage_frequency": -6.450152549307669,
      "char_overlap_with_answer": 6.375498935071611,
      "candidate_length": -0.2896164726724207,
      "shares_token_with_answer": 0.3759416526515592
    },
    "intercept": 4.05623459678915,
    "validation_accuracy": 0.9547727272727272,
    "validation_macro_f1": 0.943872798685203,
    "validation_precision": 0.8969072164948454,
    "validation_recall": 0.9425
  },
  "hint_scorer": {
    "trained": true,
    "n_train_sentences": 23350,
    "n_val_sentences": 6155,
    "feature_names": [
      "keyword_overlap",
      "position_norm",
      "length",
      "first_token_match",
      "contains_answer_token"
    ],
    "feature_weights": {
      "keyword_overlap": 0.5458182116218143,
      "position_norm": -0.01335431569735779,
      "length": -0.0019170123356798117,
      "first_token_match": 0.0074714804758405345,
      "contains_answer_token": -0.016067858601780796
    },
    "intercept": 0.02081918777528883,
    "validation_r2": 0.37972863046875793
  },
  "evaluation": {
    "distractors": {
      "n_questions": 400,
      "precision": 0.0225,
      "recall": 0.0225,
      "f1": 0.02222222222222222,
      "ranker_top1_not_answer_accuracy": 1.0
    },
    "hints": {
      "n_questions": 40,
      "precision_at_3": 0.20833333333333331,
      "top_3_contains_answer_rate": 0.575
    }
  }
}