{
  "split": "test",
  "rows": 4934,
  "model_a": {
    "rows": 4934,
    "exact_match_answer_accuracy": 0.37900283745439806,
    "macro_f1": 0.3779012660125682,
    "precision": 0.37829041843315586,
    "recall": 0.3783170554629654,
    "confusion_matrix": [
      [
        390,
        226,
        219,
        228
      ],
      [
        258,
        518,
        296,
        251
      ],
      [
        286,
        271,
        504,
        263
      ],
      [
        263,
        253,
        250,
        458
      ]
    ]
  },
  "model_b_distractors": {
    "n_questions": 400,
    "precision": 0.019166666666666665,
    "recall": 0.02,
    "f1": 0.01908333333333333,
    "ranker_top1_not_answer_accuracy": 1.0
  },
  "model_b_hints": {
    "n_questions": 45,
    "precision_at_3": 0.1851851851851852,
    "top_3_contains_answer_rate": 0.5333333333333333
  },
  "text_generation": {
    "rows": 4934,
    "rouge1_f": 0.9997973246858533,
    "rouge2_f": 0.999189298743413,
    "rougeL_f": 0.9997973246858533,
    "bleu1": 1.0,
    "bleu2": 0.9997973246858533,
    "bleu3": 0.9997973246858533,
    "bleu4": 0.9981759221726794,
    "meteor": 0.9991634042741234
  }
}