{
  "split": "test",
  "rows": 800,
  "model_a": {
    "rows": 800,
    "exact_match_answer_accuracy": 0.3675,
    "macro_f1": 0.36613940858378274,
    "precision": 0.36861254597611015,
    "recall": 0.36589190221543166,
    "confusion_matrix": [
      [
        56,
        37,
        40,
        37
      ],
      [
        58,
        82,
        41,
        39
      ],
      [
        44,
        40,
        78,
        48
      ],
      [
        48,
        43,
        31,
        78
      ]
    ]
  },
  "model_b_distractors": {
    "n_questions": 300,
    "precision": 0.03444444444444444,
    "recall": 0.035555555555555556,
    "f1": 0.03444444444444444,
    "ranker_top1_not_answer_accuracy": 1.0
  },
  "model_b_hints": {
    "n_questions": 22,
    "precision_at_3": 0.1212121212121212,
    "top_3_contains_answer_rate": 0.3181818181818182
  }
}